{"cameraMode":{"drawMode":0,"name":"Shaded","section":"Shading Mode"},"sceneLighting":false,"audioPlay":false,"sceneViewState":{"showFog":true,"showMaterialUpdate":false,"showSkybox":false,"showFlares":true,"showImageEffects":true,"showParticleSystems":true},"in2DMode":false,"pivot":{"x":-0.04100000113248825,"y":-0.8429999947547913,"z":2.1630001068115236},"rotation":{"x":0.223053440451622,"y":0.5527904033660889,"z":-0.15656791627407075,"w":0.7875478267669678},"size":0.025980815291404725,"orthographic":true}