{"cameraMode":{"drawMode":0,"name":"Shaded","section":"Shading Mode"},"sceneLighting":false,"audioPlay":false,"sceneViewState":{"showFog":true,"showMaterialUpdate":false,"showSkybox":false,"showFlares":true,"showImageEffects":true,"showParticleSystems":true},"in2DMode":false,"pivot":{"x":0.3620551824569702,"y":-1.432037115097046,"z":4.679999828338623},"rotation":{"x":0.1682230830192566,"y":-0.23267880082130433,"z":0.040899015963077548,"w":0.9570223689079285},"size":0.2561144530773163,"orthographic":true}