{"cameraMode":{"drawMode":0,"name":"Shaded","section":"Shading Mode"},"sceneLighting":false,"audioPlay":false,"sceneViewState":{"showFog":true,"showMaterialUpdate":false,"showSkybox":false,"showFlares":true,"showImageEffects":true,"showParticleSystems":true},"in2DMode":false,"pivot":{"x":0.10999999940395355,"y":-1.36899995803833,"z":4.76800012588501},"rotation":{"x":0.223053440451622,"y":0.5527904033660889,"z":-0.15656791627407075,"w":0.7875478267669678},"size":0.007794197183102369,"orthographic":true}